{"cameraMode":{"drawMode":0,"name":"Shaded","section":"Shading Mode"},"sceneLighting":true,"audioPlay":false,"sceneViewState":{"m_AlwaysRefresh":false,"showFog":true,"showSkybox":true,"showFlares":true,"showImageEffects":true,"showParticleSystems":true,"showVisualEffectGraphs":true,"m_FxEnabled":true},"in2DMode":false,"pivot":{"x":-1.6114468574523926,"y":0.4830588102340698,"z":-0.32510972023010256},"rotation":{"x":0.003117534564808011,"y":0.9573814868927002,"z":-0.28862684965133669,"w":0.010340859182178975},"size":3.303309917449951,"orthographic":false}